{"train/loss_stability_iter":0.3023940690676682,"train/loss_rec_iter":12.88003002256155,"train/loss_iter":13.188545045256614,"_timestamp":1.7501999157961352e+09,"_wandb":{"runtime":112726},"_runtime":112716.011055336,"_step":5065,"train/loss_kpm_iter":0.006120841282972833}