{"_runtime":45285.502709721,"_step":440,"_wandb":{"runtime":45351},"train/loss_kpm_iter":0.1825733522011433,"train/loss_stability_iter":0.3871618889621459,"train/loss_rec_iter":38.93630840778351,"train/loss_iter":39.506043794751164,"_timestamp":1.7531517477241096e+09}