{"_wandb":{"runtime":108},"_timestamp":1.7519726537431881e+09,"_runtime":11.777446896,"_step":0,"val/epoch_loss":5.431846237182617,"val/epoch_acc":0.008750000037252903}