{"_wandb":{"runtime":27940},"val/table":{"nrows":80,"_type":"table-file","sha256":"dab199b3e1b5e9f520c4a5bf915b1ee8fc58dee68e6e059f897703f4aed56c79","size":2217,"artifact_path":"wandb-client-artifact://xvby23tt6zmnoxqoea4ovvrvd71r2g932qmpwtencdbs6k1sjwkcdb2s5fyk8nmbpgb60nplk2iqg5syoe8mzr4s1bp4hxglmzxx95kkodt81walfvh6tqnseluvc4kt/val/table.table.json","_latest_artifact_path":"wandb-client-artifact://er6w3lqnyqtyuzgiv29qaqxu0q0lnqjxnaz6117kcxbbke5cu48i25g1bcn3m424znrogln3s2n41qv2a6roicxkyz9vx3pl2tqg5y32s8kt9efueb4eb9iqxs4ixu8l:latest/val/table.table.json","path":"media/table/val/table_2593_dab199b3e1b5e9f520c4.table.json","ncols":3},"train/lr":8.987927460371712e-06,"train/epoch_cer":16.8819869607687,"_step":2653,"iteration_wer":0.671875,"train/epoch_wer":18.834776785969733,"iteration_loss":14.281726360321045,"train/epoch_mse":291.33611125946044,"val/epoch_wer":0.5375,"iteration_distill":9.676338613033295,"train/epoch":36,"val/epoch_cer":0.43599253296852114,"iteration_cer":0.5945017337799072,"_runtime":27927.673222573,"train/table":{"path":"media/table/train/table_2595_aa30adde9d0e46725c61.table.json","ncols":3,"nrows":1920,"_type":"table-file","sha256":"aa30adde9d0e46725c6115fd90e0d33740ebc0209c3c754dbed0d071645bd313","size":1789,"artifact_path":"wandb-client-artifact://h3aebp7f77uosk6nn3qbl10417xreky5d0pzi3t3947kyg6ipctdosqxko2jwk7ni0eifnx3hxpj5z0tn041r4vy7j631yewsz54zp625iyc4gg9vhl1bamlmgyb70w7/train/table.table.json","_latest_artifact_path":"wandb-client-artifact://e3sm81gsjestb71kppbm2rzvf002ep91emeqyjhm4tjr9ftdgacealn61zp5z000psbwp5wt0kwz546rvb137fcld8n689w9709f6vp4gtro87futjs6k1xt2bgr14qo:latest/train/table.table.json"},"train/epoch_distill":32.72944648265839,"train/epoch_loss":46.31146383881569,"val/epoch_loss":1.2768101871013642,"_timestamp":1.7509729961129014e+09,"iteration_mse":86.50222301483154}