{"train/epoch":99,"train/guiding_loss":0.2507267268671506,"val/epoch_cer":11.167619035243987,"train/loss_kmp":0,"train/loss_rec":0,"val/table":{"_latest_artifact_path":"wandb-client-artifact://ou4en0sjvzpm9iw1y10zhy5ckmcookgkyknn6lrca4msi2gvzqbflpokrs96usmfyjiveydtz2rw1pi4zdf4v3nefb108ob5ljse8ly1j0jiafnerdl0k2zumf8gzvjf:latest/val/table.table.json","path":"media/table/val/table_7131_8bc97d8f2ad904e7ea52.table.json","ncols":3,"nrows":25,"_type":"table-file","sha256":"8bc97d8f2ad904e7ea52e5ae5c0e70d83f1591d0be0b92d5b69b3cda6b2c2e9f","size":1447,"artifact_path":"wandb-client-artifact://peoh1h8yvt1pexfrtsxkq88i1600zmd3y3x9nosoavbus3ooq5xio0lg4behnpmw8v2fjx223ndso9ruo3wq9z6axlzw155zy5v8o7ekf6e0ehfqjvkz7biq48t7wfiw/val/table.table.json"},"train/epoch_table":{"artifact_path":"wandb-client-artifact://hfhtrumbuf3624gz1etz1tiq124q826725mcrv2bhbi3008cb9re0v5pxsjvxblm0fcxid5418spc9o2tn6l8l727e6kbbncdinaajle7f7x8ind5g772wtj5w1tpftj/train/iter_table.table.json","_latest_artifact_path":"wandb-client-artifact://shymc1btcmutgubvb7bbkhyft2087xft1yczy34efns0qcqaonb1kjwwqe9w3wz4y0s8io7018bfd9ztqgueznyc5s59fokzg57xlmhg18paegsrq61pyeb6d1qw01ae:latest/train/iter_table.table.json","path":"media/table/train/iter_table_7059_f7f0e981674a8465bdaa.table.json","ncols":3,"nrows":2176,"_type":"table-file","sha256":"f7f0e981674a8465bdaa50be190a70ec919e89ec981ab57761e6a9b0463cdef4","size":3661},"train/recognition_loss":0.9602338289869005,"train/iteration_cer":0.7395522388059701,"val/epoch_loss":33.885859375,"train/iteration_recognition_loss":0.9313065767288208,"_step":7131,"_timestamp":1.7501249612532258e+09,"val/epoch_wer":1,"train/lr":2.8135180648525273e-09,"train/cer":6.874217492698137,"train/iteration_wer":0.1,"train/loss":1.2109605531761611,"train/iteration_loss_kmp":0,"train/wer":0.9992753623188406,"_wandb":{"runtime":37478},"train/iteration_loss_rec":0,"train/iteration_loss":1.1819164097309112,"_runtime":37478.597212643,"train/iteration_guiding_loss":0.250609827041626,"train/iter_table":{"sha256":"f7f0e981674a8465bdaa50be190a70ec919e89ec981ab57761e6a9b0463cdef4","size":3661,"artifact_path":"wandb-client-artifact://hfhtrumbuf3624gz1etz1tiq124q826725mcrv2bhbi3008cb9re0v5pxsjvxblm0fcxid5418spc9o2tn6l8l727e6kbbncdinaajle7f7x8ind5g772wtj5w1tpftj/train/iter_table.table.json","_latest_artifact_path":"wandb-client-artifact://shymc1btcmutgubvb7bbkhyft2087xft1yczy34efns0qcqaonb1kjwwqe9w3wz4y0s8io7018bfd9ztqgueznyc5s59fokzg57xlmhg18paegsrq61pyeb6d1qw01ae:latest/train/iter_table.table.json","path":"media/table/train/iter_table_7059_f7f0e981674a8465bdaa.table.json","ncols":3,"nrows":2176,"_type":"table-file"}}