{"_step":634,"train/train/lr":4.726685904420622e-07,"train/epoch_loss":8.785523991195523,"train/epoch":57,"_runtime":71821.614510383,"train/iteration_acc":0.12812499701976776,"train/guiding_loss":0.8750427454710007,"train/epoch_guiding_loss":0.8896063432401541,"train/iteration_loss":8.814241313934327,"_timestamp":1.7521417250206933e+09,"val/epoch_loss":6.984495353698731,"train/epoch_acc":0.1259845346212387,"val/epoch_acc":0.23250000178813934,"_wandb":{"runtime":71897}}