{"train/loss_kpm_iter":0.8262523749598671,"train/loss_stability_iter":4.073053555190564,"train/loss_rec_iter":19.625029926002025,"_wandb":{"runtime":13308},"train/loss_iter":24.524335911870004,"_timestamp":1.7520696552027988e+09,"_runtime":13299.618479135,"_step":731}