{"train/table":{"artifact_path":"wandb-client-artifact://epkyl5g8syb01gc7pkshoswueonx9n075p9qqwv2fnunj0hmma2rocei1cqb3kh8pnek4l8onp6eky98m8j87u7bsje8shldp8nos3pwtie56p4elf2nj9ozmxzporzb/train/table.table.json","_latest_artifact_path":"wandb-client-artifact://77tcn6ntao3np9az9yxcee5biy6bkhskef4kk2e7y3uh1r34yzg3hrvgc8jld81uxkiddpq9ei2qgfaxvivyp9x4rjmmorowmmruu9ylbtvydpvuouxwaepddt84xzsf:latest/train/table.table.json","path":"media/table/train/table_10659_a0ab6edbbc9d46044b9b.table.json","ncols":3,"nrows":2176,"_type":"table-file","sha256":"a0ab6edbbc9d46044b9b65faec49eeaa596eb59ca82b171ae8acfb20beec8f59","size":1810},"train/lr":1.2504921983025331e-09,"iteration_cer":0.08421052992343903,"_runtime":81827.925693964,"train/epoch_wer":7.8642857149243355,"train/epoch":149,"val/epoch_cer":0.33059524148702624,"val/epoch_wer":0.6,"val/epoch_loss":0.9479629283323447,"_step":10731,"iteration_loss":2.6140324771404266,"train/epoch_cer":3.8138368051499127,"_wandb":{"runtime":81828},"iteration_wer":0.21875,"train/epoch_loss":9.07793852686882,"val/table":{"size":352,"artifact_path":"wandb-client-artifact://59hdbji11qphpdlfnrwbca4ygnupibrhb76bbveg3stwza0z49a2eytqpwvv2c0cafy97qmjliwoiner0b4e7v4vjkdgmpctfj8caoxjk0420gzcefnug93bqtp0qncd/val/table.table.json","_latest_artifact_path":"wandb-client-artifact://k0o2489f8hvdzpoo0irxm2afmkke4kofhzjuzxbl77jx653gf7kof0a9kbrh6wym1it9m5qwys0zg2ajuu3qagfxvcbaoaxyw0be0n2c6xou06pygpx8e03k7tzl307e:latest/val/table.table.json","path":"media/table/val/table_10731_0c4964e2efb8542d6ec1.table.json","ncols":3,"nrows":10,"_type":"table-file","sha256":"0c4964e2efb8542d6ec131b2671098f9389b95db43d4088ed31cd2e6ecc50a74"},"_timestamp":1.7507469402307758e+09}