{"_wandb":{"runtime":80439},"val/epoch_loss":0.5472724735736847,"iteration_loss":5.494818180799484,"_timestamp":1.7503334911647468e+09,"val/epoch_cer":0.1677380993962288,"val/table":{"ncols":3,"nrows":10,"_type":"table-file","sha256":"a33bb37270660fdb2804a3c8767032c0297ca24a2c1f098b9eae706e65dde39b","size":348,"artifact_path":"wandb-client-artifact://sf3axlgdc6xjehz9vwdwyxblfjiuma7sy40bzxoziqs8a3mo3oq540bjyo4mjlnrkfxky14xvhkjb5g3rc0jfdkdx3lqq14bvl1pzy5ef6ulrs0qeixbe1eeyekt9iqh/val/table.table.json","_latest_artifact_path":"wandb-client-artifact://o2k9kt4uzr281cswzxkqqkf7mpch5bxgpkw18zs2i8mp3zzkrgd9yrf575egrrkoq69pzvm7pkacautwortiehdetv0sxl7io36xxk5detp366a6cu9qstwt65h7vwdv:latest/val/table.table.json","path":"media/table/val/table_10731_a33bb37270660fdb2804.table.json"},"train/epoch_loss":18.470553123950957,"_runtime":80439.617427428,"_step":10731,"train/table":{"_latest_artifact_path":"wandb-client-artifact://0nbjt98tfuly8s9lfmp1tv6q34nq3nnrkskedbasr4l4i25yjfowyysgcevda19ev99v0diafm68p84ya9yfdepdwv7d4c9qilva6j8xibdfa6eilk2dukw2jryi4n2i:latest/train/table.table.json","path":"media/table/train/table_10659_cfee9f67aeb956883e59.table.json","ncols":3,"nrows":2176,"_type":"table-file","sha256":"cfee9f67aeb956883e59e87af3f68ebd5c3224c01452048853232b7ad00535b7","size":1819,"artifact_path":"wandb-client-artifact://6vnvi7mz8pk33u7bu42k0pkthz7gvapb7l0z9rf6g5qi6xg25v673l36sk4m7muy6bom1i8iiqmvr342npy8ydlz1n3t5k376czf69uqtvoy2b62gil3t31invr8n2uv/train/table.table.json"},"train/epoch_cer":8.775152526795864,"train/epoch_wer":18.430892857909203,"train/epoch":149,"train/lr":1.2504921983025331e-09,"val/epoch_wer":0.5,"iteration_wer":0.65625,"iteration_cer":0.29393938183784485}