{"train/epoch_cer":303.5613649368286,"train/lr":3.5948975647468113e-06,"train/table":{"ncols":3,"nrows":1536,"_type":"table-file","sha256":"6c28347743f2b9b79bd3662714231fda860ff733e4301b2ce3902d5845b37eee","size":4199,"artifact_path":"wandb-client-artifact://s3xi4055wltqr3x63q0356ur48ktgfyyqxqchx7p2jpmzkqpku8cny4xeoki06266m5y1otds06bwy3pr8db9vagulzuuhwqhhuoaaz3lkm7lmiu75ob1xlxj4qem8kt/train/table.table.json","_latest_artifact_path":"wandb-client-artifact://9rjrqi4tficpnwduwjdm2ky93i9d8a0v7nm8iey46xj455hh6fvrqknwdsc6klwr83eavw32qcmpube9bnikn0npuyb7jmrktvbdnqkv6xh1f8n4i4usq1pcwoayr3gj:latest/train/table.table.json","path":"media/table/train/table_147_6c28347743f2b9b79bd3.table.json"},"iteration_wer":1,"_step":193,"val/table":{"path":"media/table/val/table_145_fdb344119f999d9a9e2e.table.json","ncols":3,"nrows":80,"_type":"table-file","sha256":"fdb344119f999d9a9e2ee1d0ac550ce306c6609ddef3b75b4150d9caeceb24c1","size":5014,"artifact_path":"wandb-client-artifact://mbbhhqkx5h0wy2cbjqv0gaj6zwvoka7ewwxh67zyblox2fl8zcjhd30o22kvtyr3oijuviscrw9bb1oewbhtdwh5b7w43enybzw59br0lbv9fujyt74wu39ph5bs2ww1/val/table.table.json","_latest_artifact_path":"wandb-client-artifact://mn33gsw4in7c599ywa7bd914ffwh713f5etqznss46f8xkratph5u1yzboe7l43l1o8nrjvsx2o50b9vaymqdop2kccm9z9zc60f8kcz9ifzkealfl3jhyeaqvynwj0a:latest/val/table.table.json"},"val/epoch_loss":106.85672912597656,"_runtime":1467.68556773,"val/epoch_wer":1,"val/epoch_cer":8.863290214538575,"_timestamp":1.7501727567808647e+09,"train/epoch_wer":34.5,"train/epoch":2,"train/epoch_loss":3561.633736419678,"_wandb":{"runtime":1474},"iteration_loss":1114.198745727539,"iteration_cer":8.437063217163086}