{"train/table":{"_latest_artifact_path":"wandb-client-artifact://9enxj1fa2cfcpqafyfxime21ig8gummzugapc7wzjhncftngvhfqmdonbf2m1br3bei6bpnur0wrwwwj20tb9lxdboslv5g9b3ts719ld43fpel2ppykvytkqvxntyb9:latest/train/table.table.json","path":"media/table/train/table_8643_001901853824191987d0.table.json","ncols":3,"nrows":2176,"_type":"table-file","sha256":"001901853824191987d01dc3df6dc06e232e595c1bd29090f5821ee05254e92b","size":1868,"artifact_path":"wandb-client-artifact://w2xfeycwm6qy9rrwbc374xaw601eg32b7veofkowdyal92uy3gilv04u3l1ufffqlm8zy4ag3zfh9c6twmlk3q4di6ljrubnazumh4qrwbxqlrjzizsan4spckk09z1z/train/table.table.json"},"_step":8713,"val/table":{"size":2332,"artifact_path":"wandb-client-artifact://fdjdqfsid4w2cztkjb1u97w8zzg39kxqg779ra2y997pcsd2tmqx4f3158hqpvue9giggakzjdux3tev954g3254879dtlkat4xeiz0quazce9ryh1piv331nu384k6u/val/table.table.json","_latest_artifact_path":"wandb-client-artifact://tj0mpfiuo4ltgm7dunp64adyinoeh4a00gvnuk9ihnfovwmnx2lawhnz5kvoaklpf31cghopyetzuwnraxlbtqsmh9o3wcfsspe4su9ddxy7hx3fe4de19nd52mt8ac4:latest/val/table.table.json","path":"media/table/val/table_8713_b120f5f604624fec11f8.table.json","ncols":3,"nrows":80,"_type":"table-file","sha256":"b120f5f604624fec11f89fbecce2d48532011c9449a30b8854ea568b9100f2ef"},"train/epoch_cer":7.984556162357331,"val/epoch_cer":0.26443727090954783,"train/epoch":121,"train/lr":9.884902974382805e-07,"train/epoch_wer":11.832678574323655,"train/epoch_loss":20.39383602142334,"_runtime":92994.172721086,"iteration_cer":0.24172185361385345,"_timestamp":1.750947408225593e+09,"val/epoch_wer":0.35,"iteration_loss":5.319610923528671,"_wandb":{"runtime":93000},"iteration_wer":0.421875,"val/epoch_loss":0.7261982738971711}