{"_wandb":{"runtime":3},"_runtime":3.429006052,"_step":0,"val/epoch_loss":35.88845233917236,"val/epoch_cer":1.003333330154419,"val/epoch_wer":1,"_timestamp":1.7506650801102793e+09}