{"_step":0,"val/epoch_loss":5.292428894042969,"_wandb":{"runtime":140},"val/epoch_acc":0.00624999962747097,"_timestamp":1.751971243689311e+09,"_runtime":12.586920484}