{"val/epoch_acc":0.01874999888241291,"_timestamp":1.752054217951826e+09,"train/iteration_loss":4.9189767122268675,"train/epoch_acc":0.012177135795354843,"val/epoch_loss":4.552680416107178,"train/epoch_loss":4.9378175029949265,"train/epoch":6,"_wandb":{"runtime":9078},"_step":68,"train/iteration_acc":0.015039063058793545,"train/train/lr":2.0680272108843537e-07,"_runtime":8971.592659821}