{"train/iteration_acc":0.05781250074505806,"train/epoch_loss":4.230557962339752,"_step":498,"train/iteration_loss":4.206150245666504,"train/epoch_acc":0.057872287929058075,"train/train/lr":4.861790459600657e-07,"_timestamp":1.7518934420958014e+09,"val/epoch_acc":0.07374999672174454,"_runtime":17155.986059762,"train/epoch":45,"_wandb":{"runtime":17177},"val/epoch_loss":4.156090497970581}