{"_timestamp":1.7498074679870322e+09,"_runtime":59.861280521,"_step":1,"val/epoch_loss":796.7481372070313,"val/epoch_cer":17.863983612060547,"val/epoch_wer":1,"val/table":{"ncols":3,"nrows":200,"_type":"table-file","sha256":"c6df3aad2cb6efd7024cce9f59673d0607497e1003f1544dc207c867e3354124","size":93378,"artifact_path":"wandb-client-artifact://uwzj3pk98y5balvolcpl5ghgtolzoyojg2e7bo0rhlas8ryf824guo531bdwqu59pn9or7dnjtn638i3yntxcn42kdciaz5cb6er6sfngxg0953kg04r3c0w61k1s9ky/val/table.table.json","_latest_artifact_path":"wandb-client-artifact://ftfzntcgcfi4ho39bji1ttu4zegzme2qqbl2zf5dzlejiz12vk2b8446sh18crpkf21tr94msfkgit1q2l03d3hnhjypcr9dyeyrpb2lv5mcjxtrlq48suy6ngde3i59:latest/val/table.table.json","path":"media/table/val/table_1_c6df3aad2cb6efd7024c.table.json"},"_wandb":{"runtime":86}}