{"_runtime":46040.528552998,"_wandb":{"runtime":46110},"_step":440,"train/loss_kpm_iter":7.408981143683195,"train/loss_stability_iter":17.63646083474159,"train/loss_rec_iter":378.6590133905411,"train/loss_iter":403.70445289611814,"_timestamp":1.753217126127043e+09}