{"_wandb":{"runtime":43422},"train/loss_kpm_iter":0.030334317544475197,"train/loss_stability_iter":0.036918868182692674,"train/loss_rec_iter":18.13143180310726,"train/loss_iter":18.198684860020876,"_timestamp":1.7521853329609716e+09,"_runtime":43399.793427514,"_step":1340}