{"_wandb":{"runtime":67},"val/epoch_loss":812.8745922851563,"val/epoch_cer":17.668771820068358,"val/epoch_wer":1,"_timestamp":1.7498072398227808e+09,"_runtime":60.138058767,"_step":1,"val/table":{"_latest_artifact_path":"wandb-client-artifact://3oewbdrnxtmpell87tkby50k3w5a8imhecaeqsl3najxs7n65t0g077qpj55yqrhp26diqv5bgi0ku4vrjthz5d75hyn06ogszsq7uog48f3pprnj5ntf3nbcx9p1erq:latest/val/table.table.json","path":"media/table/val/table_1_d5f5ed5219ed67211c10.table.json","ncols":3,"nrows":200,"_type":"table-file","sha256":"d5f5ed5219ed67211c10b40a893336c0d53d2508fe6855a7d09a6fcc02ae78cb","size":94693,"artifact_path":"wandb-client-artifact://sdmpbhl0yhl9dyjma33k1fs6542ai867c3vdv6wdulfumzcaq5uhnhve9xli7zyoeqo5e9ek7q3rlopls107g9ht17ph4crngjgxl4scf48lm8abeddy2048xdklk8c0/val/table.table.json"}}