{"_runtime":72587.968467608,"val/epoch_loss":2.3538108396530153,"train/iteration_loss":2.2531595826148987,"train/iteration_acc":0.4097656309604645,"train/epoch_acc":0.39805084466934204,"train/epoch":59,"train/epoch_loss":2.2966442071661657,"_timestamp":1.752142410994807e+09,"train/train/lr":4.701088945365887e-07,"val/epoch_acc":0.39499998092651367,"_step":657,"_wandb":{"runtime":72593}}