{"_wandb":{"runtime":769},"_step":71,"train/table":{"artifact_path":"wandb-client-artifact://b6ytlg6wn8t918t3st3t0115zj7t326wt77iixj4qfclvi2ga84gnqh71jlth83zxz3yq4mir0n8bwrmru37fv3ul7sjyb83vppmy4938g8oxdp6g82lgsos5u3asman/train/table.table.json","_latest_artifact_path":"wandb-client-artifact://g5f8mxs5fmelipneagrmfhwzqmq12r9bkkgg9yaoaa5a3y3lqr6o3ikdu4vv94zyv4nfbvn3b4fwuskz8731x0d1omew1z6prk7xfzjmuws5ukvaqnr90na9x77idfrw:latest/train/table.table.json","path":"media/table/train/table_3_f2bd48fe9fe61856bab5.table.json","ncols":3,"nrows":2176,"_type":"table-file","sha256":"f2bd48fe9fe61856bab52592e164213742cef7898a301b2cb499439ec787e9a1","size":2554},"_runtime":769.483251756,"val/epoch_loss":38.40844078063965,"train/epoch":1,"iteration_loss":197.72220993041992,"train/epoch_loss":1128.018352508545,"iteration_wer":1,"iteration_cer":1,"val/table":{"size":3137,"artifact_path":"wandb-client-artifact://khjw4f4waos1lhegs8pbjniymaoiyccjtzksmcrd8238jt2qqdh1n0kie1r0lb0xntcufu8lx7dimp28jd4tdyantcq1o9dmnw9gn6bex2ymr3iqyzsj18ds0rfwhxlz/val/table.table.json","_latest_artifact_path":"wandb-client-artifact://701of5x28k585vfrporsm8pntkiwn4ddbgqo4u4318qexqve0yzzmgj8qoy86g28iifnmcrv5xhkluv0ipag55bar831gvyfvuzgxc669qhfy9nhr7cewb0d7i90pxsa:latest/val/table.table.json","path":"media/table/val/table_1_f7036b1d7173a05c4f26.table.json","ncols":3,"nrows":80,"_type":"table-file","sha256":"f7036b1d7173a05c4f262e65993c762ea593dc9ff8e1d9339d914bedb057e9fb"},"train/epoch_cer":42.27495911121368,"train/epoch_wer":34.5,"val/epoch_wer":1,"_timestamp":1.7508527632999754e+09,"val/epoch_cer":1.254777181148529,"train/lr":1.3142636258214148e-06}