{"iteration_acc":10.3671875,"train/epoch_acc":0.5145794153213501,"train/epoch_loss":1.8089071620594372,"train/lr":3.13574553426446e-06,"_wandb":{"runtime":160147},"val/epoch_acc":0.26874998211860657,"_timestamp":1.7515303397873843e+09,"val/epoch_loss":3.3341674613952637,"_step":4996,"iteration_loss":35.490413784980774,"train/epoch":192,"_runtime":160140.682262395}