{"train/train/lr":9.387755102040817e-08,"train/iteration_acc":0.01738281361758709,"_wandb":{"runtime":13977},"_step":29,"train/iteration_loss":4.5714211702346805,"val/epoch_acc":0.01874999888241291,"train/epoch_loss":5.079755892558974,"train/epoch_guiding_loss":2.67043985031089,"train/guiding_loss":1.3590779542922973,"train/epoch":2,"_runtime":13867.641098013,"_timestamp":1.7520697818268943e+09,"train/epoch_acc":0.011013233102858067,"val/epoch_loss":4.727893848419189}