{"val/epoch_loss":13.654646644592285,"train/lr":2.821801314263626e-06,"train/epoch_loss":840.5297052383423,"_timestamp":1.7498940813215375e+09,"train/epoch_cer":32.52690929174423,"val/epoch_cer":0.9490748357772827,"train/epoch":2,"val/table":{"_type":"table-file","sha256":"755a977e4b29749ce50ac93e3aa3cb032a744440afdd72e6a2c1f1a1b8cbbb42","size":4983,"artifact_path":"wandb-client-artifact://uyc5e3fnewqjxaycy1itd0ob26efursfi0ot2yqg98z6alfo00fospsleva8zx9rerpiizitddgbe89xx7ve7kx5pf5taokue5s7k33a66kwfkj9qnx7k5jqk3ofusl2/val/table.table.json","_latest_artifact_path":"wandb-client-artifact://9vm9jo9nz08ylb5kli71sjgkly74sznkw2w01fx5d1n163shbccyw99arfwisadoiufqfoizzmoamu0orseana1rruegxyq0z4gtndna973ib5u26w4h4krfl49hxyn3:latest/val/table.table.json","path":"media/table/val/table_145_755a977e4b29749ce50a.table.json","ncols":3,"nrows":200},"_wandb":{"runtime":1153},"iteration_cer":0.9509434103965759,"_step":153,"iteration_wer":1,"iteration_loss":130.9714069366455,"_runtime":1150.044414861,"train/table":{"size":1621,"artifact_path":"wandb-client-artifact://wv9w2zda9vx0uf2gwvm5xpbbdg76qbdxj3xuqugywika24b0nrqfp20jspchczt04zioxmqgdp7zsg31p8dcd8t2i3j0fi22mk2r80k4hm84wtydgjiryxprplhwx31f/train/table.table.json","_latest_artifact_path":"wandb-client-artifact://7yhsqea86dcuokqs7cijh21dpig0cl5l87lo7xba4d25yn2vi990vcn81w52n35o7jgem96w3c0nx6z4hk5meytbn4ork3ehlqows0pfxtntt6efc9yfdlxmxtxk0noc:latest/train/table.table.json","path":"media/table/train/table_147_618e4d5663fb0a85a077.table.json","ncols":3,"nrows":256,"_type":"table-file","sha256":"618e4d5663fb0a85a077ab87fd6c030c87c8cc7ff9417ba2a71f258412d4120d"},"val/epoch_wer":1,"train/epoch_wer":34.4984375}