{"val/table":{"_type":"table-file","sha256":"4e9d55bbc6299dfe9d8b7ef01831db24131af91f437281d9235a6256ef41ba11","size":349,"artifact_path":"wandb-client-artifact://p3qy5z6nksto00g70oq9l9fmpugpd0jprd593duudpj1p80kxmsz4iiiwit029husndke149oj7tve6ckcub7vv29alg1fx34fyrc8oovy6anay4w0m8n552su5ds3yr/val/table.table.json","_latest_artifact_path":"wandb-client-artifact://hzichynntalm964twqg5euw64vnoo4pmhyfsisyzxrtm01oj8svu21kxklx5gdp6ex3cwb7j037mpqg24tpb5hc3eqv604ru4ifokg119k6fh07k7lgkwayz7j7zmvlq:latest/val/table.table.json","path":"media/table/val/table_10731_4e9d55bbc6299dfe9d8b.table.json","ncols":3,"nrows":10},"val/epoch_loss":1.3054969674703898,"_timestamp":1.7510631507555509e+09,"iteration_distill":55.76984977722168,"train/epoch_distill":190.76148064136504,"train/table":{"size":1874,"artifact_path":"wandb-client-artifact://5vsn65z1mlfdnc9mpsq2y2rnb5rwzqj57ifw573pk4wc8hibfjvlzwdrm8kwp3jgg0e5tfdtxfe4zmw39enljv2n0ho4p96nok6a7qd2gntqhwy232mrq3l43uk1yhk6/train/table.table.json","_latest_artifact_path":"wandb-client-artifact://yn0aiudajkmbdi27ymz43to5sbwvwy6fuctkp9n3lc9es405pbvj7mqlronbvxggupmtafniec6x23nusydx1h5yljye3s2jre51ufqzygbdenmgazc1aj1gw2uo0z7n:latest/train/table.table.json","path":"media/table/train/table_10659_a84774c91a6242e1a845.table.json","ncols":3,"nrows":2176,"_type":"table-file","sha256":"a84774c91a6242e1a845c9bea9d69ad4acdfe7c2cd014866d9bf8da369d284ce"},"iteration_mse":481.2279930114746,"_step":10731,"train/epoch_cer":6.219802482426166,"iteration_wer":0.28125,"val/epoch_cer":0.2865476220846176,"train/epoch_wer":10.436651787161827,"train/epoch_mse":1681.9667938232421,"_runtime":114721.874496288,"train/lr":1.2504921983025331e-09,"train/epoch_loss":16.277741506695747,"_wandb":{"runtime":114721},"iteration_loss":4.97381666302681,"val/epoch_wer":0.5,"iteration_cer":0.19230769574642181,"train/epoch":149}