{"val/epoch_loss":0.30485866987961346,"iteration_cer":0,"train/lr":2.8135180648525273e-09,"train/epoch":99,"_runtime":54348.657090941,"_wandb":{"runtime":54349},"train/epoch_wer":0.0109375,"val/epoch_wer":0.22,"train/epoch_cer":0.0038269925862550735,"val/epoch_cer":0.07279174327850342,"val/table":{"artifact_path":"wandb-client-artifact://kdosh5rymwaqyafaias6lwkphcp8lh4r0va06d1kjtqarj5asrrh9qty4ha3xmcuew0gjnueu39zgs9yp2cc2kq7fatlhlxkn890kv8tp2m8z74my9tulaw59ex6km1y/val/table.table.json","_latest_artifact_path":"wandb-client-artifact://6wtasphgz2fj7bej0nqzbp5nagan0mg8fp2ty8glyjslhv8xjnfb5bqnduew7qacpx531gwo2v3ryec9ycoiro0s38x9rd0az5bky6vtm49tcgdftk77bct8bir1ivtn:latest/val/table.table.json","path":"media/table/val/table_7129_0ecdce0f2312b7fdf693.table.json","ncols":3,"nrows":200,"_type":"table-file","sha256":"0ecdce0f2312b7fdf6935f9dc06a4d068ba80515cccee1986d50c97e5bc209af","size":5600},"train/table":{"sha256":"810f0749441d5630afdc52a8cb5155d811fec153e149a81118829088aad06d41","size":1857,"artifact_path":"wandb-client-artifact://uv2do0jcayblexhni05r6fauuegk2q16zxcd18snkqtszbwvz6jn6nj1jbfoq0ysle5eta4c26vk6qxzeyie21na0edqq4vizxgav2g3f1f1okyebcftexj0nfsbb8gc/train/table.table.json","_latest_artifact_path":"wandb-client-artifact://luj9l5pz2ckx7r6k09hyl8kcswveyasn9jp97iw5n7fjg3vwc1nfsf9yz5st0ihz2x4ncifey5gzjybw7k1ie4xjgiyx3a06rr6io1lcqq8tn4z85eim8nvu2eecnizz:latest/train/table.table.json","path":"media/table/train/table_7059_810f0749441d5630afdc.table.json","ncols":3,"nrows":2176,"_type":"table-file"},"_timestamp":1.7498845575629675e+09,"iteration_wer":0,"_step":7129,"iteration_loss":0.022163128247484565,"train/epoch_loss":0.09164196226629429}