{"_wandb":{"runtime":8},"val/epoch_loss":74.31887817382812,"val/epoch_cer":28.439502716064453,"val/epoch_wer":1,"_timestamp":1.750086980627496e+09,"_runtime":5.671908446,"_step":1,"val/table":{"sha256":"456cae462ad69df13a0e212ae3c8a791092d9d127a247e961e1ee4136a36355b","size":155565,"artifact_path":"wandb-client-artifact://m76v8xyzdfms705d3s98r4w40t9ah9fddbaxptkgkfp7xj7ezd7t6g7v0e4z96da7rj0celxqlciqggzou5tdo27blpr7wellw27pt5ktzbvwy5w15s52lomj3wna1ny/val/table.table.json","_latest_artifact_path":"wandb-client-artifact://fclmrxxmvdsdsx385g6wvpxnbedwmzh52qyf13mpx92dln0cufc7l0h8gl1z12oet4dns2h4w6feobysxyu3r6gxmxgfpvbzdhuuc1xkdw3wbo79jtmfq5nwcihk794y:latest/val/table.table.json","path":"media/table/val/table_1_456cae462ad69df13a0e.table.json","ncols":3,"nrows":256,"_type":"table-file"}}