{"train/epoch":4,"_wandb":{"runtime":6176},"val/epoch_loss":4.618882465362549,"train/guiding_loss":1.8066264986991882,"train/epoch_loss":5.07104416769378,"train/iteration_loss":5.107440328598022,"train/iteration_acc":0.00937500037252903,"val/epoch_acc":0.011249999515712261,"train/epoch_acc":0.010343590751290321,"train/epoch_guiding_loss":1.9254003592899867,"_step":45,"_timestamp":1.7520542695052469e+09,"_runtime":6107.139100556,"train/train/lr":1.3673469387755103e-07}