{"_runtime":22.233225729,"_step":2,"train/loss_kpm_iter":3.523848222679195e-15,"_wandb":{"runtime":23},"train/loss_stability_iter":0,"train/loss_rec_iter":4110.872816467285,"train/loss_iter":4110.872816467285,"_timestamp":1.7508350323948963e+09}