{"_timestamp":1.7532211226310003e+09,"_runtime":44767.463234279,"_step":440,"train/loss_kpm_iter":0.0007125450527382781,"train/loss_stability_iter":0,"train/loss_rec_iter":0.023151615963433868,"_wandb":{"runtime":44833},"train/loss_iter":0.02386416100198403}