{"train/epoch_cer":5.505361046642065,"iteration_wer":0.296875,"train/table":{"_latest_artifact_path":"wandb-client-artifact://aoo0zhjhmehr0izlbl83u550xa62g9moclrhs42l6nq8vu9v7lfnfo0tyujf8oyo4x1jnh8vry2x2no72z12ej36vxyy2eu5pbi3o9llgqkzssov7kib3yw11lx8i1fm:latest/train/table.table.json","path":"media/table/train/table_10659_4dd0d7c1ee6507d00b45.table.json","ncols":3,"nrows":2176,"_type":"table-file","sha256":"4dd0d7c1ee6507d00b454f9bbe9cd473329f2bb661afe2868a1a4e8897e353a4","size":1881,"artifact_path":"wandb-client-artifact://j7ghn24kung8oyy3v7tt8f1bhxlityy3obxheahjqpkt6iq8rtie8pqrwemcx6xdq09l20g1971bav203xag17hkuag3jdqi9fdwhsvnimextvc01dwtuzep4bhgzgvd/train/table.table.json"},"val/epoch_cer":0.27821428775787355,"iteration_cer":0.1975308656692505,"_wandb":{"runtime":82671},"_runtime":82671.851267224,"train/epoch_wer":9.647857142984867,"train/epoch":149,"val/table":{"ncols":3,"nrows":10,"_type":"table-file","sha256":"a8683b463b12e29808910ec0e56a91c4dd37d8b19347b6189e733218171c0f14","size":351,"artifact_path":"wandb-client-artifact://snul5mszrohqa9qp7q5xq51mrava0r81223xzj99smnobbkofqi7ngjppp38ejst4vfw5g4s98kg2gkuhsrtbhe3bja3s1my64vghp8msyduyt3l8id0jsilyyh3ym0v/val/table.table.json","_latest_artifact_path":"wandb-client-artifact://d3k59ftg40o9sh26l7fkmao5u1l9devd3771g7b1gwuc3gxtnx736968i52qsmllku2sq1w35hyazzpen2a0thpo94qyluy2isimghzummh9mncl6jlgh9t48tflvrm5:latest/val/table.table.json","path":"media/table/val/table_10731_a8683b463b12e2980891.table.json"},"_step":10731,"iteration_loss":3.771152228116989,"val/epoch_wer":0.4,"train/epoch_loss":13.530460312962532,"val/epoch_loss":0.8866933852253169,"train/lr":1.2504921983025331e-09,"_timestamp":1.7503376914520574e+09}