{"_timestamp":1.7500873787911706e+09,"_step":69,"train/iter_table":{"_latest_artifact_path":"wandb-client-artifact://91zdhuv0mhdppy498yh0nusg5tianhwz8s1pjhzyc3gmh7ab8u9zm3u2h0f38riyh3rblea6xoi44a4pe8z0hdp7kxav6twtxi4ssdfyc3mf7b7wkpp1w6dh97gy93l5:latest/train/iter_table.table.json","path":"media/table/train/iter_table_3_6509f18761787c52f3c8.table.json","ncols":3,"nrows":2176,"_type":"table-file","sha256":"6509f18761787c52f3c86ae7ca71f3ccbe20add114f112c2abbe63cf32cf16bb","size":32351,"artifact_path":"wandb-client-artifact://tvn87v4aviy9ys5qa4xlzl449y26cz8umtfsk13c8b03lsscgeqljkkmue3ggrjui4bta6stknpuwuewmtwe3c21f7iahl8i5brlyo20gan9hmq6sq8ueo4pc5m3sgo2/train/iter_table.table.json"},"_wandb":{"runtime":381},"val/epoch_cer":34.29921783447266,"val/table":{"artifact_path":"wandb-client-artifact://1q2shwl6nlildcnc1hfj012wiagcy10qsbvm9jwn4dwvujnoorf7qawfmc928sh30oh7ox82vwbl5o8qt6ncf1nuugb8mdeh6qbse2c4g5p8fle51iw8v54wcvov7gxd/val/table.table.json","_latest_artifact_path":"wandb-client-artifact://b8422q8nqheaiij9groyvqe2llk4hfa4o176msslybvdvsbo82u6shqap10j5idcxptgkgmjmyd638m0cr9n3kmv95ba99gelklxfjmt3zsbiygr2k17wfezjo1snpi4:latest/val/table.table.json","path":"media/table/val/table_1_57b7c230685577e27d0e.table.json","ncols":3,"nrows":6300,"_type":"table-file","sha256":"57b7c230685577e27d0e11e81dedae7bf59b82bddca833ffdde168c226e020f2","size":3097096},"val/epoch_loss":67.26327545166015,"train/iteration_wer":0.1,"train/lr":1.9710144927536233e-06,"train/iteration_recognition_loss":10.42799243927002,"val/epoch_wer":1,"train/iteration_cer":0.13725490196078433,"train/iteration_guiding_loss":0.01422205539420247,"train/iteration_loss_kmp":0,"train/iteration_loss":10.442214298248292,"train/iteration_loss_rec":0,"_runtime":378.611712091}