{"train/train/lr":1.1360544217687076e-07,"train/epoch_loss":4.569823462135938,"_wandb":{"runtime":15265},"val/epoch_loss":4.499434013366699,"train/epoch_acc":0.01995774917304516,"_step":37,"train/epoch":3,"_runtime":15114.980497096,"train/iteration_loss":4.465834259986877,"val/epoch_acc":0.021250000223517418,"train/iteration_acc":0.03691406175494194,"_timestamp":1.7520696141492836e+09}