{"_runtime":24295.568119675,"_step":205,"train/loss_kpm_iter":8.59272308861847e-08,"_wandb":{"runtime":24393},"train/loss_stability_iter":0,"train/loss_rec_iter":6.596437459815973e-07,"train/loss_iter":7.455709788217746e-07,"_timestamp":1.7526948363189626e+09}