{"train/iteration_acc":0.7183594107627869,"train/epoch_loss":1.0162837547485275,"_step":2961,"train/epoch_acc":0.7188401222229004,"train/epoch":113,"val/epoch_loss":2.7789231872558595,"_runtime":137923.12230925,"_wandb":{"runtime":137944},"val/epoch_acc":0.4050000011920929,"_timestamp":1.7520421409890563e+09,"train/train/lr":3.6550813402951624e-07,"train/iteration_loss":1.0317834138870239}