{"val/epoch_acc":0.08124999701976776,"_runtime":5296.386528002,"train/iteration_loss":4.067019498348236,"train/train/lr":2.537414965986395e-07,"_timestamp":1.7520480489702075e+09,"train/guiding_loss":1.6036316990852355,"val/epoch_loss":4.116843786239624,"train/epoch_guiding_loss":1.3695178226548799,"train/epoch":7,"train/epoch_acc":0.06922432780265808,"_wandb":{"runtime":5362},"train/iteration_acc":0.0810546875,"train/epoch_loss":4.133401403621751,"_step":83}