{"val/epoch_cer":8.753019390106202,"val/table":{"_latest_artifact_path":"wandb-client-artifact://rbqi2t38c4apikmyjz2af84ddtlzyxncxn0z5sstyyt5mw7xmnd0gli77vbirvemzjvvgcmmsvzl95st3a93x4g1w7ir84jxo8825jrmz525c44oc7ijocc4mapct0c9:latest/val/table.table.json","path":"media/table/val/table_1_3c7c828813ad3ab0370e.table.json","ncols":3,"nrows":200,"_type":"table-file","sha256":"3c7c828813ad3ab0370e978d469e3a84e6ce34daa90d32cabaeae1b4af263030","size":46808,"artifact_path":"wandb-client-artifact://o7eb4prehap47u4mmrng9gqv5sfn3m0g75umffwijydqoabnkgoq4s1d1676wj6z4ebszhnfwht8bv4ymm3ovminoxk9hnu81i4qtbcsu2w7hvl2vuk0f29cu5zg8ofn/val/table.table.json"},"_wandb":{"runtime":67},"val/epoch_wer":1,"_timestamp":1.7498071539487448e+09,"_runtime":60.098253291,"_step":1,"val/epoch_loss":901.8498510742188}