{"_wandb":{"runtime":59609},"val/epoch_loss":8.348159084320068,"val/epoch_acc":0.06499999761581421,"val/table":{"path":"media/table/val/table_4183_7fa3f444ed024846e53f.table.json","ncols":3,"nrows":200,"_type":"table-file","sha256":"7fa3f444ed024846e53fa43e243da4af3b53e626dd7751ed22c1f9a9f9f882f1","size":3834,"artifact_path":"wandb-client-artifact://dg9fn3cxxzwi5jt0cq5rna8kd4zyxoerrviuzo1rmrtmuhvbdzkffw1mkxfd79ikd41lwq472ciy7770lodm91llvnyovmeb4oi7vp45ofn71sco85ec015j0con2mh1/val/table.table.json","_latest_artifact_path":"wandb-client-artifact://27w1z0nef6g094hyyq2wq4knlhd5tmh5a5w9idfsoqu6hn57acevdqtvhvo91ee4axlwkldppk6q7qoatqzim0uz3bg8n0p41otfk262gy2lx5ck3t94qul0h0w0ou68:latest/val/table.table.json"},"_step":4202,"train/epoch":41,"train/lr":9.349617923539908e-06,"iteration_loss":83.18960762023926,"train/epoch_acc":0.03333242982625961,"_timestamp":1.7513591099313867e+09,"_runtime":59599.856820473,"iteration_acc":0.296875,"train/epoch_loss":8.350881705621276}