{"train/epoch_acc":0.010965402238070965,"_wandb":{"runtime":6850},"val/epoch_loss":4.572342433929443,"_timestamp":1.7520542453941634e+09,"train/train/lr":1.7346938775510206e-07,"train/epoch":5,"train/epoch_loss":4.976230891383424,"_step":57,"_runtime":6784.908832928,"train/iteration_loss":4.937150549888611,"train/iteration_acc":0.01230468787252903,"val/epoch_acc":0.019999999552965164}