{"_step":104,"train/loss_kpm_iter":0.06761599898454733,"train/loss_stability_iter":1.373476693034172,"_wandb":{"runtime":9971},"train/loss_rec_iter":15.075368912518025,"train/loss_iter":16.51646157503128,"_timestamp":1.753104840301166e+09,"_runtime":9868.238376423}