{"train/loss_kpm_iter":0.0006897033539644326,"train/loss_stability_iter":0,"train/loss_rec_iter":0.01333221601380501,"train/loss_iter":0.014021919359220193,"_timestamp":1.7532289935851982e+09,"_runtime":44339.125747798,"_step":930,"_wandb":{"runtime":44363}}