{"_runtime":4.078371165,"_step":1,"val/table":{"nrows":80,"_type":"table-file","sha256":"92c76d9c9730497e752fe12577bb31f3a9cf926f2bc91c7aff931fc814aa6f60","size":8346,"artifact_path":"wandb-client-artifact://0eur9mb9w4nz184oh79sheexetlzc8lr4tjer4k48pjhwrcwsev1qs4jtc75o68jmoabd6g6wx99l4iih7kky5txi45c6e3844yx5ps8enh04tt1rzedrn3cm1y7loih/val/table.table.json","_latest_artifact_path":"wandb-client-artifact://fysj75xfnug2jjmh18ex9fpba5sjxaem5accno7z3plo30z655090nxdaeaxpq0ti6umua39i59ip5f6bd2pdcp3yg6k7ykuiwtx9fpzrthdwvnquhpuelsh452a87fc:latest/val/table.table.json","path":"media/table/val/table_1_92c76d9c9730497e752f.table.json","ncols":3},"_wandb":{"runtime":12},"val/epoch_loss":250.67901306152345,"val/epoch_cer":2.876848649978638,"val/epoch_wer":1,"_timestamp":1.7502549560555701e+09}