{"val/epoch_cer":1,"_wandb":{"runtime":2525},"val/epoch_wer":1,"train/epoch_mse":1321.5569644927978,"iteration_distill":4.785824149847031,"val/epoch_loss":6.220143795013428,"train/epoch":1,"iteration_wer":1,"train/epoch_wer":69,"train/table":{"sha256":"ccd6b1138e2ed4db486e56ef8ef3e9977dc2940ba0751763c9b8204401133895","size":840,"artifact_path":"wandb-client-artifact://qjr1wbsbtxrb0f9xcqc038t7mlte053fbz5a51nbmpsp3ftm1hr6y6dqglloisw0r1fxc5ssxd28wwae7f3prb5ovc79ub0azjljz9h34tbdr6t7oq19cbly0v79t8hs/train/table.table.json","_latest_artifact_path":"wandb-client-artifact://473cicudx3bkj4m84hja3q465u0c07ryou0inlfww5jej20derzjic66k6b9awf7j2dcvefm0wwdevauu1n5pt9ztylu6ibcirx9uxn4w4qe6fl6jas3a3wq1zk99d8l:latest/train/table.table.json","path":"media/table/train/table_145_ccd6b1138e2ed4db486e.table.json","ncols":3,"nrows":2016,"_type":"table-file"},"iteration_mse":163.87386798858643,"train/epoch_cer":70.37575037479401,"val/table":{"ncols":3,"nrows":80,"_type":"table-file","sha256":"0f9abc533b0f56be086eeea26ce1c6949fe36a429849b696c7570808d8cd638f","size":1951,"artifact_path":"wandb-client-artifact://1eeiwhfghyyex3n4qp0kgosy22b71as8mx4280wt8dexlv7r3tamw1v9ldov0urlfq4tvix7ohlj2vgt7lnsex3sparzakjbu1x8yvzqwp1eix23uby3uer5b7nlbbs9/val/table.table.json","_latest_artifact_path":"wandb-client-artifact://tw07gqc37p3feao6k0v9u4cci7zqxckof755wx76izvwyppt8sz3z259pfhpqomd0ap0q3aun325dy9zla0qd2vq0jd3fnp8vevvd1bfmomnkmh9izfdf1gkp0gvm0gb:latest/val/table.table.json","path":"media/table/val/table_143_0f9abc533b0f56be086e.table.json"},"iteration_loss":42.890608072280884,"_step":269,"train/epoch_loss":1851.525063943863,"train/lr":2.5507246376811596e-06,"train/epoch_distill":33.056725019216536,"iteration_cer":1,"_timestamp":1.7509449981497867e+09,"_runtime":2519.136983767}