{"_runtime":8300.136628904,"_step":1121,"train/table":{"nrows":1280,"_type":"table-file","sha256":"81406b10b8df2876897ded9bcccf27e219fe7cf17438c789778bcf74fd1b15a7","size":1790,"artifact_path":"wandb-client-artifact://8yjr213q0ngtr01wgzta1dhoape9ex2jh04tk76sj812jqqjsqg0iphofhdoqunt74upb8oh6mo998m6g1yggqrjnnk6lmr2ns21yorl796ke023htc39aiccqgvsf7g/train/table.table.json","_latest_artifact_path":"wandb-client-artifact://962l5cd1tva3l4ty1msp125pllxs6ko6fqliett5t96em4rlbkpnrfi8s2mr3f1rf26l297ardb3xk1j3e3t1bng8jzbfs13ga9c31i5r19vlo78b6117692f9c6tq22:latest/train/table.table.json","path":"media/table/train/table_1083_81406b10b8df2876897d.table.json","ncols":3},"train/lr":9.92085936636192e-06,"iteration_wer":0.6875,"val/epoch_wer":0.625,"train/epoch_loss":34.881999081373216,"_timestamp":1.7502528653455186e+09,"val/epoch_loss":0.9306106090545654,"train/epoch_wer":21.74879464507103,"iteration_loss":10.022661745548248,"iteration_cer":0.48986485600471497,"train/epoch_cer":15.576639491319657,"val/table":{"_type":"table-file","sha256":"e7a716bf2a2333744a6e72416cbb46f112aee3c9b34c0918a7acafa7825a06ff","size":2187,"artifact_path":"wandb-client-artifact://r623z0zh4f2x72icn1ur63x6pyqhw3n1lwg9btd0891qzvk4fa4aftzk4oestp5byhrqfp2jdzklc1vrtb6hiuhw2n8e7tn5370hvod48sd6tfw7setoihlrtek3t2i0/val/table.table.json","_latest_artifact_path":"wandb-client-artifact://j754800qj19a91bvx7i0ntzugwxfrchnz421gmfawdm8y6nvg975mqae2nnd9lbx448w2a22477y0pjgn6xdoqhkr6pwqhsbo13pbjx2ue16wwxw75nlsuk5hih83hy8:latest/val/table.table.json","path":"media/table/val/table_1081_e7a716bf2a2333744a6e.table.json","ncols":3,"nrows":80},"_wandb":{"runtime":8315},"val/epoch_cer":0.45496705621480943,"train/epoch":15}