{"iteration_wer":1,"train/epoch_wer":198.3703125,"val/epoch_cer":110.13052520751953,"train/table":{"artifact_path":"wandb-client-artifact://49er8me8kugoeuboarvbe2qw7z6sz5gfgwu1eqpamcke8fy1f67pppehcd66trxyu5j6r8u51vm6dc351oo4egtqap0dbaxojlv11nt69w68o6x09hp2oxobzqypph93/train/table.table.json","_latest_artifact_path":"wandb-client-artifact://974f2j5zteqbzfdhmvjysbuik5b1sful7rb921ii5d1i0ynt3oudej0uusxjwqb2ljts51si915bc9xzvmor8o7kbkwraz5ydkk8ae2j0bace307fmhab9baorw576z3:latest/train/table.table.json","path":"media/table/train/table_3_8bfa7b1a41d763aed737.table.json","ncols":3,"nrows":2176,"_type":"table-file","sha256":"8bfa7b1a41d763aed737f6864d8abeff685df086f7e88d8b3ac356b49c0cdcfb","size":76671},"train/lr":1.9710144927536233e-06,"_wandb":{"runtime":546},"iteration_cer":1.335793375968933,"_runtime":545.985725451,"iteration_loss":188.73099994659424,"_timestamp":1.7498151023930175e+09,"train/epoch_loss":4359.584760951996,"train/epoch_cer":1288.431051695347,"val/epoch_wer":18.765,"val/table":{"path":"media/table/val/table_1_170d7812ed9b8df15baa.table.json","ncols":3,"nrows":200,"_type":"table-file","sha256":"170d7812ed9b8df15baad990035f86a64c28369d76bfc04b8d6d4ad4ebbc9542","size":241221,"artifact_path":"wandb-client-artifact://np3iv7373d6fs9ioiv5zaafadgrfaa1ysqo3tzcbxh87j6vm5s6tcopak55kaaevw99gdijxjrl79hfe5p8i2si828zgxgit7w9wevypi3bdtzl03dqb71g3qsqnxfja/val/table.table.json","_latest_artifact_path":"wandb-client-artifact://mg908lz1mc4goe0mt487g67dmvmt36im698vapquin6pz4oo5wi9ksazbfx7wgcs91xmkxuobnp6eaas57hlenq8spjov7f8zenneu400p66ezb5tbnfzmzd0m5zhgvh:latest/val/table.table.json"},"val/epoch_loss":372.8499816894531,"_step":70,"train/epoch":1}