{"train/epoch_loss":73.95293834209443,"train/lr":9.990338406380586e-06,"iteration_cer":0.6327868700027466,"iteration_distill":3.909734696149826,"_wandb":{"runtime":7833},"train/epoch_mse":398.4584483146667,"iteration_wer":0.71875,"val/epoch_wer":0.7875,"train/table":{"sha256":"e3b09be2ea1f399050d660a52bab03ad0b15db61e5c4e3d1b2b5e9ee14bc8a42","size":1737,"artifact_path":"wandb-client-artifact://68mzfvrxmwe9tmwhtsceh46ve3j36leatvi0dsdwgzz3vgezvddgp4k2ob7vbfcpox1eexfo3p0rnf7wpw77x1sxt7zcty2fxl7ps1b83wi4acdrkweseaa6yh0snt0q/train/table.table.json","_latest_artifact_path":"wandb-client-artifact://oaiuat9tcn2a1b9e527s23tp8c9vosmg8n8wuqpg85p3zqwlcmaqrdvoom4umfdwcdju4fishsv6yjqo6x2dpc64o33sljse5ej448lln76n3odjdbu6xkx24lgxh2af:latest/train/table.table.json","path":"media/table/train/table_723_e3b09be2ea1f399050d6.table.json","ncols":3,"nrows":704,"_type":"table-file"},"_timestamp":1.750936306614783e+09,"iteration_mse":112.87132263183594,"train/epoch":10,"val/epoch_cer":0.700275993347168,"val/table":{"sha256":"a7a7db1986b1172d3ab722516741b600f4c4a95a29229e03cb5209130015c626","size":2209,"artifact_path":"wandb-client-artifact://1gko2ic545q9wpgs1ufhq6vd2zims4gkjbpyrahb0yzegvyxeokhc6rhly69x09lcsxiwvvdv0q04h1rg0vi154hdbyvmw24g3l7sv75y168h1pig24lmfqu1bbss691/val/table.table.json","_latest_artifact_path":"wandb-client-artifact://6dge14ra21j7w2aaygub7evjghgrij0qoflupubcqx7p650jwl0sk342qhbwaowpvdtohw442wpj7e2akhsgtv4et2t8z8p5qhhsnw93w8tz17e4lgs6ia33hv5kaa5r:latest/val/table.table.json","path":"media/table/val/table_721_a7a7db1986b1172d3ab7.table.json","ncols":3,"nrows":80,"_type":"table-file"},"_step":743,"_runtime":7816.388560969,"train/epoch_wer":25.875848215818404,"val/epoch_loss":2.223472023010254,"train/epoch_cer":24.23416086435318,"iteration_loss":20.660712003707886,"train/epoch_distill":13.468735927343369}