{"train/epoch_loss":0.0019018756937264104,"train/epoch":99,"_wandb":{"runtime":42553},"train/epoch_acc":0.9998006820678711,"val/epoch_loss":0.7092249298095703,"_timestamp":1.7515813800813897e+09,"train/iteration_loss":0.0019112533191218972,"_runtime":42553.536920031,"train/iteration_acc":0.9996094107627869,"train/train/lr":2.903628836760652e-10,"_step":2079,"val/epoch_acc":0.8774999976158142}