{"_runtime":51446.625457409,"_step":703,"_wandb":{"runtime":51515},"train/loss_kpm_iter":0.0003511130070364743,"train/loss_stability_iter":1.7543700445756258,"train/loss_rec_iter":44.153724908828735,"train/loss_iter":45.90844614803791,"_timestamp":1.750062632918591e+09}