{"_step":587,"train/lr":9.99887525694063e-06,"_timestamp":1.7512993999435244e+09,"iteration_loss":168.97455883026123,"train/epoch_loss":8.48983712437177,"val/epoch_loss":8.465395851135254,"val/table":{"_type":"table-file","sha256":"490e7a5463974dabab8cb6870131e8fc8da029d57c0301fa9eee081e847344a7","size":3804,"artifact_path":"wandb-client-artifact://et6nn084zr74c8od2jnxuiggfejqakm53entdk7nhjy1og93hi9gdfs9b79rys5tk2tri0pk3tiuzzxui7g6oj6mt5n3iovolow93amifxqo222840b4ofte1r4nrv6t/val/table.table.json","_latest_artifact_path":"wandb-client-artifact://11xvwx6bkvg2v4m9codx6zhykvmucy0yjwlezolls73roqq2619rtauhvwzums7pvq6kxy9mktdhx3a9yad0kzk66k21151ws70ogqmhyrwqjgmnmdnpiv427dybdxxk:latest/val/table.table.json","path":"media/table/val/table_573_490e7a5463974dabab8c.table.json","ncols":3,"nrows":200},"train/epoch_acc":0.03251498565077782,"_wandb":{"runtime":17107},"val/epoch_acc":0.03999999910593033,"_runtime":17091.968511414,"iteration_acc":0.6640625,"train/epoch":11}