{"train/epoch_loss":21.384791898727418,"val/table":{"artifact_path":"wandb-client-artifact://l2t39greioznqi8ofd0xp9lyzlnm5hr0t20qrb3tzhjcnfty3lxf2m9qa0h3vuvs80jo5x7y3gc1j9r4xtm30i9b8oefcpvrdtwak0jawyg7dezfxxjh8o3kycegcupb/val/table.table.json","_latest_artifact_path":"wandb-client-artifact://lcmd0fy0nxx42je67ev142n9dgjczq9rcnkelknujbuf3x8uadazgatuc66a2lpxf61i0jj25vjkztmgxtmn6rl55fp1qynyc93vp42reqan5xiffupe5m3doz06veak:latest/val/table.table.json","path":"media/table/val/table_10731_c36238a9b37f3a59e04a.table.json","ncols":3,"nrows":10,"_type":"table-file","sha256":"c36238a9b37f3a59e04a7c4d6ca48124faa6923ed7f6f85299d85c6896ebfb62","size":335},"val/epoch_cer":0.5032142877578736,"_runtime":79231.334994099,"train/epoch_cer":12.962112414836884,"_wandb":{"runtime":79231},"train/lr":1.2504921983025331e-09,"train/epoch":149,"iteration_loss":6.069255292415619,"iteration_wer":0.640625,"_timestamp":1.7503214981038208e+09,"train/table":{"_latest_artifact_path":"wandb-client-artifact://fpwaypc5rscy8aiv21oj0pte5260e9rl4rrp0osm7h8j71zc0um6m60yif95v41oz7iu0lgp8g0msx5w178r99f1jvwzjkfytxonib5c43w10lh1ia0rgfa7t3o6tqja:latest/train/table.table.json","path":"media/table/train/table_10659_496ebaaec26dbdc3e535.table.json","ncols":3,"nrows":2176,"_type":"table-file","sha256":"496ebaaec26dbdc3e5358ae51bff19682a8002323aa220850c56eb290ce02da7","size":1759,"artifact_path":"wandb-client-artifact://sce6jnkjfgs8midt7p0a92am3ptuhqgw5e5ecq5i670xltff27vf2ohc6unerci1iv8a9qqy3pcda3pk33w9kn5qh8wty46tmsmdbyuprods2fplksb36njf3rc269p4/train/table.table.json"},"val/epoch_wer":0.8,"iteration_cer":0.3451612889766693,"train/epoch_wer":20.00267857313156,"val/epoch_loss":1.068145644364995,"_step":10731}