{"iteration_distill":26.27797245979309,"iteration_cer":0.22183097898960114,"val/epoch_loss":1.1579624042322394,"train/table":{"nrows":2176,"_type":"table-file","sha256":"a297f9a4c3bb46cc7c1856eb75865360bddd4d3105dbc29e31c39bb457f0d8e0","size":1845,"artifact_path":"wandb-client-artifact://57nyvl79tnusedzlrtaiw08g8uw3y9ieq8kvbc7cpja6jmf11wjv432ae3oygx1g9pq4m8yffjkrhtej6qy9pj8hbja6zkhof4g78eoncdrnsmaxemrg6oau6y2blas9/train/table.table.json","_latest_artifact_path":"wandb-client-artifact://ux3zbi9va7zg6f9s3solgc4n5mffaboep0ipioev8p0o1pp3wh02mmkbeucn0l01j66mgxup1d4v8z5cxu1b2h6cnmcwli1u2hrzgvxjp1tyjit488aznn33fmk250gi:latest/train/table.table.json","path":"media/table/train/table_10659_a297f9a4c3bb46cc7c18.table.json","ncols":3},"train/epoch_wer":10.824419642984868,"iteration_mse":439.8372993469238,"train/epoch":149,"val/epoch_cer":0.2998809561133385,"iteration_wer":0.28125,"val/table":{"_type":"table-file","sha256":"043916f6caef583c54faea8277d4267e6925ffd76005a75db8ae28ee067df7f8","size":349,"artifact_path":"wandb-client-artifact://fa5fbgyt7kpowcib68urejtuucvat5wlf7o9fwrst9gh8ct7dgk0u7yccjl2siklzem06h59lnr7kv3xdveni6mexwq9koq22m45c2ygmydftmwir6eagzn7ajt0q6vq/val/table.table.json","_latest_artifact_path":"wandb-client-artifact://2jr9omsf1ec8hutgcsyo7lz3zc78r09yl39qso5hv3v87wydhbrhrd6wdkp5pyog3f4l4v084novkb6eu8lz5vtikzrxnx87s3d22lr4lh0ik4di9tfqzr1lmaa1tt4w:latest/val/table.table.json","path":"media/table/val/table_10731_043916f6caef583c54fa.table.json","ncols":3,"nrows":10},"val/epoch_wer":0.6,"train/lr":1.2504921983025331e-09,"train/epoch_loss":17.874898394942285,"train/epoch_mse":1518.9361820220947,"_wandb":{"runtime":112843},"_step":10731,"iteration_loss":5.231025755405426,"_runtime":112842.400181041,"train/epoch_cer":7.238344632089138,"_timestamp":1.7510865460427287e+09,"train/epoch_distill":88.63760018348694}