{"train/iteration_acc":0.3804687559604645,"train/epoch_loss":2.447781684447308,"_timestamp":1.7520535227165942e+09,"_wandb":{"runtime":66369},"train/epoch_acc":0.3708426356315613,"val/epoch_loss":2.747085919380188,"_runtime":66339.75663702,"_step":773,"train/train/lr":4.54962590951383e-07,"train/epoch":70,"val/epoch_acc":0.3037499785423279,"train/iteration_loss":2.395785856246948}