{"_step":7920,"train/loss_kmp":0,"train/iteration_recognition_loss":0.08627948835492134,"train/loss_rec":0,"train/iteration_loss_rec":0,"train/guiding_loss":0.002157870611544642,"_wandb":{"runtime":74158},"train/iteration_cer":0.01198501872659176,"character_error_rate":0.8228950939084482,"_timestamp":1.7496392348908322e+09,"train/wer":0.2821216525950482,"train/lr":2.5303707762774908e-09,"total_samples":3150,"word_error_rate":0.7879365079365079,"train/iteration_loss":0.08847618997097015,"train/recognition_loss":0.08108794725580415,"train/cer":0.1654951339679757,"train/epoch_table":{"size":1852,"artifact_path":"wandb-client-artifact://g9gro73e2ym6j63hxj1zshkjwa8vrl4e9tu68ankzja1ju53bgszy67k9ywjgpu52n4h4xr0v73i8xsdetofl0vdbznbzno2v34dftl2l2slfpm4k6qhbbilm65l5h4n/train/iter_table.table.json","_latest_artifact_path":"wandb-client-artifact://9pcetbdle0ply9alzahts16v6xkwg3fgkrfg6mpdxp23i34cjs3ey8ychtnpmvnem5v92lc32zciihqdhnfraag97kekclaap505f85un3yyp34wpz6fs7582ecc4b4v:latest/train/iter_table.table.json","path":"media/table/train/iter_table_7841_963b86101ee2c9fbbddf.table.json","ncols":3,"nrows":2496,"_type":"table-file","sha256":"963b86101ee2c9fbbddf69205aef00fc589d2ed513ed269241d8bae0be339253"},"train/epoch":99,"_runtime":74157.765449775,"train/iteration_wer":0.021875,"train/loss":0.08324581784607493,"train/iter_table":{"nrows":2496,"_type":"table-file","sha256":"963b86101ee2c9fbbddf69205aef00fc589d2ed513ed269241d8bae0be339253","size":1852,"artifact_path":"wandb-client-artifact://g9gro73e2ym6j63hxj1zshkjwa8vrl4e9tu68ankzja1ju53bgszy67k9ywjgpu52n4h4xr0v73i8xsdetofl0vdbznbzno2v34dftl2l2slfpm4k6qhbbilm65l5h4n/train/iter_table.table.json","_latest_artifact_path":"wandb-client-artifact://9pcetbdle0ply9alzahts16v6xkwg3fgkrfg6mpdxp23i34cjs3ey8ychtnpmvnem5v92lc32zciihqdhnfraag97kekclaap505f85un3yyp34wpz6fs7582ecc4b4v:latest/train/iter_table.table.json","path":"media/table/train/iter_table_7841_963b86101ee2c9fbbddf.table.json","ncols":3},"exact_match_accuracy":0.21206349206349207,"train/iteration_guiding_loss":0.002196701825596392,"train/iteration_loss_kmp":0}