{"_wandb":{"runtime":12445},"train/iteration_loss":0.3302001148462296,"train/iteration_acc":0.910937488079071,"_runtime":12445.214227019,"train/train/lr":2.903628836760652e-10,"train/epoch_loss":0.3503553622535297,"train/epoch":99,"val/epoch_loss":0.7395868086814881,"val/epoch_acc":0.7899999618530273,"train/epoch_acc":0.9024792909622192,"_timestamp":1.7515510995067823e+09,"_step":2079}