{"train/loss_stability_iter":0,"_wandb":{"runtime":18},"train/loss_rec_iter":228.80396907925606,"train/loss_iter":228.80595376491547,"_timestamp":1.7500108388823438e+09,"_runtime":17.17848878,"_step":0,"train/loss_kpm_iter":0.0019845146605803167}