{"_wandb":{"runtime":45976},"train/loss_rec_iter":2.1487683270126583,"train/loss_iter":2.9689740255475043,"_timestamp":1.7528043691262505e+09,"_runtime":45908.538437658,"_step":440,"train/loss_kpm_iter":0.0058819563798351735,"train/loss_stability_iter":0.8143237190553918}