{"train/epoch_cer":0.009640006814152002,"iteration_cer":0,"train/epoch_loss":8.581619942188263,"iteration_wer":0,"train/epoch":123,"_runtime":66863.915394026,"_timestamp":1.750240873061862e+09,"_wandb":{"runtime":66880},"iteration_loss":2.4897977113723755,"val/epoch_loss":0.18505755248188507,"train/epoch_wer":0.0359375,"val/epoch_cer":0.03617111705243588,"val/epoch_wer":0.1,"_step":8903,"train/table":{"nrows":1472,"_type":"table-file","sha256":"0c99cc4b268aa133f066081066602b7c565428e51dacc586d427b428526a362e","size":1837,"artifact_path":"wandb-client-artifact://b7m2jau9ld8vtsicrd9xu5qtidahkoudc4lk5w38htjs3uuuaa5bfnodjjwc6sgup1ssfwur98ejkmx7giazov3s3dbtl9rbp93ypvyypkgw8iuhyyiws1a7m0utruzp/train/table.table.json","_latest_artifact_path":"wandb-client-artifact://ypofnlq087pt1ax80kvsu16wwg9j7iw6yuoy0nlxndyrysrnfsfxoyjtwiolu46wro7o9fnt3i363j5j2bpwdkhpc182638vee69m3htqhtixn088ntvq79wdby3owj7:latest/train/table.table.json","path":"media/table/train/table_8859_0c99cc4b268aa133f066.table.json","ncols":3},"train/lr":8.191827126543977e-07,"val/table":{"size":2332,"artifact_path":"wandb-client-artifact://xsc4nx47bul0wu1lpjdy1anq4g314k76rvxfmbvwyqbrc3c0sk8rg5tk37822qdoen772naicsuit2fvfmb9ky9pctpxbav8ltuadiuww3oujsfkz434t2wap741skqm/val/table.table.json","_latest_artifact_path":"wandb-client-artifact://7lgtu6qqbtrki634dq9pngpg09ceoq4a50qaddudhe46528ffhpwhs9f2l2f0l921iqv2ndq166s78bclpos9dq6swj1qwr5d3wre8tickjy2pggdtvn3k4iawu2z3fp:latest/val/table.table.json","path":"media/table/val/table_8857_b1c731d5df3eec57bbdc.table.json","ncols":3,"nrows":80,"_type":"table-file","sha256":"b1c731d5df3eec57bbdc2ea4d9dedf3d864b5a8f57f36742dca0a15d20a10513"}}