{"val/epoch_cer":97.9261051940918,"_step":71,"val/table":{"path":"media/table/val/table_1_7673dd45cff2b86d40ca.table.json","ncols":3,"nrows":200,"_type":"table-file","sha256":"7673dd45cff2b86d40ca5664293fe89d5ec7974843f58f2fc63f2f5463fabb57","size":275406,"artifact_path":"wandb-client-artifact://gj38r9yf50nqp8ixrvrxshl0yw78w4dmu02iht4e1qeqf4nwif7a5m2yko5oikugootnoz1zaptwz00aclitl0vwfdif8re262fbufbjxz4orxs39694wb1pfluilc5o/val/table.table.json","_latest_artifact_path":"wandb-client-artifact://rc4ks6dz4qq2xb5ebx45p5l8dx57ujhtl2baam3rux9j0v10tktsti8pmqkb90sgk1wt8l2b3btgapbcw0hp5law0qqf0l7ibo63ax9mxrff3104ftrcopycxo8gdt1o:latest/val/table.table.json"},"iteration_loss":139.41666221618652,"train/lr":1.9710144927536233e-06,"val/epoch_wer":1.015,"iteration_cer":0.9920634627342224,"val/epoch_loss":357.6294470214844,"iteration_wer":1,"train/table":{"artifact_path":"wandb-client-artifact://8c4mnnbrlqsayogw9l6eth76s1ydy0jbbi0oenin94242pcjx55z56bq9ofa3u8o7jtaxf2ei1ibbrubz9ilx2t8dp2a9mgfky7b8u9rqsfdvac336rq3b70apomh707/train/table.table.json","_latest_artifact_path":"wandb-client-artifact://4x6phbst1adzknenbn7jr25inwy8b6cpq0sfersptkibwbcc07v8a4xf0x4bn9muo8zdee21m43j1t0iurptvnyios0lqvxg9996qfa3vfldco3e5e89ni1rwxk7f3c1:latest/train/table.table.json","path":"media/table/train/table_3_af0202e552e82d5568a2.table.json","ncols":3,"nrows":2176,"_type":"table-file","sha256":"af0202e552e82d5568a2aef81af16c447419374d63cc4abe2321c73a5b936389","size":85512},"train/epoch":1,"train/epoch_loss":4744.974838924408,"_timestamp":1.7498157260561998e+09,"train/epoch_wer":34.65625,"train/epoch_cer":1066.890884655714,"_wandb":{"runtime":546},"_runtime":545.977713547}