{"train/epoch_acc":0.8333426117897034,"val/epoch_loss":2.5597798109054564,"train/train/lr":2.0284534054740428e-07,"_wandb":{"runtime":91870},"_timestamp":1.7519863047415807e+09,"_step":1921,"train/epoch_loss":0.6090928335883179,"val/epoch_acc":0.4437499940395355,"train/iteration_loss":0.599061743915081,"train/epoch":174,"_runtime":91843.191711042,"train/iteration_acc":0.8427734375}