{"train/loss_iter":0.0003127319335817447,"_timestamp":1.7527550521436007e+09,"_runtime":8712.094600172,"_step":81,"train/loss_kpm_iter":2.3902885382670937e-14,"train/loss_stability_iter":0,"train/loss_rec_iter":0.0003127319335817447,"_wandb":{"runtime":8804}}