{"val/epoch_loss":312.781672668457,"val/epoch_cer":29.934709739685058,"val/epoch_wer":1,"_timestamp":1.7501893648887317e+09,"_runtime":4.553894665,"_step":1,"val/table":{"_latest_artifact_path":"wandb-client-artifact://eiuiuftvok87f6hmd8t06mvjyavchrxkjkx6nkqqkwo1q81a1rp7bun9t5cql8xjdjga9re89k4ady5bm3itugx41z7dsolb91sm6m0ztp1i0ldajiggz25i2ityxt1s:latest/val/table.table.json","path":"media/table/val/table_1_cc0ec561e601002396bb.table.json","ncols":3,"nrows":80,"_type":"table-file","sha256":"cc0ec561e601002396bb753b08cace4a06e1bb0b68d3747ccf308469e47accdf","size":35023,"artifact_path":"wandb-client-artifact://97d8n2ku727g2iidzblfdcu3946y0331plbia0ut4mbf0r3h9nlqci4apj9l6yl1uyu9jeuwmo6uirc55isnv96ll7c81wg97oh65r1205jw7pm7eau2uq5zwkbaim3m/val/table.table.json"},"_wandb":{"runtime":6}}