{"val/table":{"size":2150,"artifact_path":"wandb-client-artifact://58guoxi69xp14646tyl9ub8tt9sixnb1r0fyvxbcsz7tx6lu5u6eicjlyj5knh30530o647xlpzfel7el6mri7cw0lmlkjfle1m377cu3xd1ulp5f8t3rskfxi1q2if9/val/table.table.json","_latest_artifact_path":"wandb-client-artifact://epf0uos03ob6l7qcrxyz91p0zogujsag8g4pmve7j6fzz7dv38tx5hkg0iow9pss02bqifhyrdia8uz8712pq4d25bpi55wgqbozq4g3lm1xcxyza2d2vep7q6bw853n:latest/val/table.table.json","path":"media/table/val/table_433_f1ceace2a307a5b24cfc.table.json","ncols":3,"nrows":80,"_type":"table-file","sha256":"f1ceace2a307a5b24cfce70ada3cdbdba4787704230f8a94efc993a0a033907e"},"iteration_wer":0.84375,"_wandb":{"runtime":5034},"train/epoch_loss":91.57013494968415,"train/epoch_distill":13.67732519209385,"val/epoch_cer":0.7206942856311798,"train/table":{"sha256":"28b652be951cdaf5ba7acd496a4b362625528b07174290684a8d2d4b0f5bad56","size":1770,"artifact_path":"wandb-client-artifact://9lx2u1msrxmikci6athf1t5zgf17hosjakb18o5l9r2mjs7pxslls4u67c9j1q3t6caz29qs4puadv83ixkkm4ta5t6dak6ko37vld4bbvsp2xx7oo0ah72j9daf0jv1/train/table.table.json","_latest_artifact_path":"wandb-client-artifact://m1gtyechpjup3f48qqf62e0zux4kd97t3mdq568gri0kc2hclsrgjpw2gsqg5i8hk6tjz1ez8cszlwh9ysfb8567ystobkzf89opydbciqm1m5iaeky35awtgwuea243:latest/train/table.table.json","path":"media/table/train/table_435_28b652be951cdaf5ba7a.table.json","ncols":3,"nrows":1408,"_type":"table-file"},"val/epoch_loss":2.629461920261383,"iteration_cer":0.7733812928199768,"train/epoch_mse":456.9829780578613,"_step":477,"iteration_mse":124.38282680511475,"iteration_distill":3.9369100630283356,"train/lr":8.851952068032471e-06,"train/epoch_wer":30.880491071939467,"_timestamp":1.7509413970548441e+09,"train/epoch_cer":25.833999133110048,"train/epoch":6,"_runtime":5030.201623119,"iteration_loss":25.177984952926636,"val/epoch_wer":0.85}