{"train/epoch":26,"train/iteration_loss":4.008793759346008,"train/train/lr":4.980551014000474e-07,"train/iteration_acc":0.08964844048023224,"_timestamp":1.7519041306884923e+09,"_runtime":25031.438105658,"_step":684,"train/epoch_loss":4.017244997409859,"_wandb":{"runtime":25057},"val/epoch_loss":4.0168211555480955,"val/epoch_acc":0.10249999910593033,"train/epoch_acc":0.09037064760923386}