{"train/epoch":13,"_runtime":7117.201569848,"val/table":{"size":2257,"artifact_path":"wandb-client-artifact://cldtuux4k7i2onv1kkausa8sd1nbezd6xuhhyy85wsz9pf3q4n9pakatnxthpp6s0if6gvr84h7nu0ttienej4odecdve6xh4im6o5v4l7uc0ogw3nhlsdr3kgohldwq/val/table.table.json","_latest_artifact_path":"wandb-client-artifact://w83g03t69fng1ofunm739ge6441txe3rvky8nfkwmwezd2pymax7lv24d9y7n8km3sgylpxtqxoaco6ndb97zsuz9mnxlqqont1my9ntpzrup45dz9rayq6nhqe7m0q5:latest/val/table.table.json","path":"media/table/val/table_937_157e17a138fc1446105c.table.json","ncols":3,"nrows":80,"_type":"table-file","sha256":"157e17a138fc1446105c7262b625c9c465867e69ea526ca07a2da1d18d83fe45"},"iteration_wer":0.609375,"iteration_loss":36.21390414237976,"iteration_cer":0.4033898413181305,"train/epoch_loss":126.2977233171463,"val/epoch_wer":0.525,"_timestamp":1.750240958378853e+09,"_step":939,"val/epoch_loss":1.2149740755558014,"_wandb":{"runtime":7124},"train/epoch_wer":17.566026785969733,"val/epoch_cer":0.39674764275550845,"train/table":{"path":"media/table/train/table_939_fa1304df7cc2c22b3d9b.table.json","ncols":3,"nrows":64,"_type":"table-file","sha256":"fa1304df7cc2c22b3d9b458bdc98c1760b8226feaf27e39a116f8a1299ebdb5f","size":1824,"artifact_path":"wandb-client-artifact://m4269tb5lhbzzgbqxamscud3ms8drj5pqw9zemjx7c29t7px4p9sx5xp7k4yx8h1vxtty7pcmzzlchn65cllhdcvqaskw9dxfyya0yc6olq7omifnmoo67j2es37plkq/train/table.table.json","_latest_artifact_path":"wandb-client-artifact://q0rgmzos42ps624h7j39sxfwz92yea7mhf8h99t4nkub3k3y7yxyaocgnzlpwuiv1dp38u0hcm8z2mo5utzvhgwjf8lq8msmfgtz1t0gc56jp7xkny8d1w7bmvqofhnr:latest/train/table.table.json"},"train/lr":9.962882247221277e-06,"train/epoch_cer":13.750926205515862}