{"train/loss_kpm_iter":0.00852586702130793,"_wandb":{"runtime":149263},"train/loss_stability_iter":0.21003413134021684,"train/loss_rec_iter":3.183636836335063,"train/loss_iter":3.402196828648448,"_timestamp":1.751279157354547e+09,"_runtime":149260.016069814,"_step":8999}