{"val/epoch_loss":2.7937388610839844,"train/iteration_loss":2.0540801286697388,"_timestamp":1.7526599275840297e+09,"_wandb":{"runtime":399443},"_step":7298,"train/epoch_loss":2.1269772320377585,"val/epoch_acc":0.3362500071525574,"train/epoch_acc":0.440326064825058,"_runtime":399397.601808678,"train/iteration_acc":0.44218751788139343,"train/train/lr":7.759989022515451e-07,"train/epoch":178}