{"_step":10731,"iteration_loss":0.08735336130484939,"_wandb":{"runtime":81738},"val/table":{"size":757,"artifact_path":"wandb-client-artifact://kydy82t6icblvexf8y8jyp1btmbvv0a95rzx6pdwk1qnlakfaaegam79bv6uhiolikvptvk1nkw5nttdzy5exzcojbc68tfg5275f0b8or0uo1krank9x13p7iy6ut6d/val/table.table.json","_latest_artifact_path":"wandb-client-artifact://x3eca130tvcapaxluvjkp81mb75owwxtrxf0gj7n7ccwo7adxnm1rpgndyrx4behapw3f60hbn0ocji88f9z6utgpi30cqfq13cb6mptaujch9wrgy1zdm8ealo2rfmf:latest/val/table.table.json","path":"media/table/val/table_10731_ab540e3a5fdbb57fe328.table.json","ncols":3,"nrows":25,"_type":"table-file","sha256":"ab540e3a5fdbb57fe32810aece9f3416f2c9d724e971ce543470df19236d2b36"},"train/table":{"artifact_path":"wandb-client-artifact://tlyj7cl6hqevn8d9fjrksu2i0es5pwn7ej10gce0ymiielytamxyubr6x58se4ahra3ym3iepinu6g4veiqtvgn2uc8h6gozxs2qxy36zn3r6d3ywakjdx5bqkzkx1v0/train/table.table.json","_latest_artifact_path":"wandb-client-artifact://3tvi3ephqbldlsyjk8isoa3ubg3n9b64yjgsi0syloc1behfmcfpbldq2trzadco23gfrehhzcosgnuwe9ewlvph0dt5pjr4wh7510il8vf6e272mf3023zdbwmwq2ci:latest/train/table.table.json","path":"media/table/train/table_10659_06187cc2ed798d5a8223.table.json","ncols":3,"nrows":2176,"_type":"table-file","sha256":"06187cc2ed798d5a822372d77235463e37135942ad2ada3d82165abbf1094082","size":1839},"_timestamp":1.7499760862391787e+09,"train/epoch_wer":0.325,"train/epoch_cer":0.07864207834936679,"val/epoch_wer":0.08,"iteration_wer":0.015625,"val/epoch_loss":0.09682855342281982,"iteration_cer":0.006430868059396744,"val/epoch_cer":0.025714285969734192,"_runtime":81738.466288309,"train/lr":1.2504921983025331e-09,"train/epoch":149,"train/epoch_loss":0.2808229609276168}