{"train/loss_stability_iter":14.975066930055618,"train/loss_rec_iter":22.514514262974263,"train/loss_iter":37.48958119153976,"_timestamp":1.7522552944951708e+09,"_runtime":24685.521927702,"_step":1340,"_wandb":{"runtime":24698},"train/loss_kpm_iter":1.9250740593680193e-07}