{"train/epoch":70,"train/epoch_acc":0.39768412709236145,"_wandb":{"runtime":74521},"train/iteration_acc":0.3990234434604645,"train/iteration_loss":2.282136023044586,"_timestamp":1.752047188596297e+09,"train/epoch_loss":2.2939166049568023,"val/epoch_acc":0.3174999952316284,"train/guiding_loss":3.92453248500824,"train/train/lr":4.548014510927339e-07,"val/epoch_loss":2.8043204879760744,"_runtime":74417.21872711,"_step":774}