{"_wandb":{"runtime":43350},"_step":440,"train/loss_kpm_iter":0.023450763149594423,"train/loss_stability_iter":0.005845263495575637,"train/loss_rec_iter":1.0874685682356358,"train/loss_iter":1.1167645897716283,"_timestamp":1.7527999624709735e+09,"_runtime":43282.470922194}