{"train/epoch_cer":0.0016722407191991806,"train/lr":1.2504921983025331e-09,"val/epoch_loss":0.06890704023019971,"val/epoch_wer":0.1,"train/epoch_loss":0.0022475963630540718,"train/epoch_wer":0.0015625,"train/table":{"size":1799,"artifact_path":"wandb-client-artifact://xxaw2zoee2dwe8d5cw3vx3fyftjy9mot573an58ool3m8ruujwa6ltoci4r07t889bzz6br1t31u097gyoqsc62qj1avyghflqeyvoe8hqv3s06s5lmtyzkper59kkuh/train/table.table.json","_latest_artifact_path":"wandb-client-artifact://f48z0xlucazmcvnken0ztulu0914x63rdvkcxmo6p74s6flvh48iw4y6cbe69aqhrtlmq9qqeyuku91wdd4y4ieehkzzdbqidkblmaduz8kxb7bpou9hsgeqmxjh5rfn:latest/train/table.table.json","path":"media/table/train/table_10659_00504619f93ad9c08a2b.table.json","ncols":3,"nrows":2176,"_type":"table-file","sha256":"00504619f93ad9c08a2bf0ed1aabb3e4101bc33d05abdbd757b06c00d93f22af"},"iteration_cer":0,"iteration_wer":0,"_step":10731,"val/epoch_cer":0.020000000298023225,"_wandb":{"runtime":81562},"_timestamp":1.7507465044524777e+09,"_runtime":81562.771161753,"val/table":{"_type":"table-file","sha256":"9a89d7c55661cd060460f825cb481d030bf3a0170b9220aa102de9d813ab4afb","size":353,"artifact_path":"wandb-client-artifact://5kuic2r2q6z59zvh9w1yvw76kvfqbk7dxd6gznklxettpx3thziuk5hilc46xis5vd25yxy5ibksp86y8uf50nkxgjxcb1xuo59jolf95fhphgtgy8wtl5jawohvifsx/val/table.table.json","_latest_artifact_path":"wandb-client-artifact://s26rl34qmwatr69706fz0prcpwr2t0xfldbqbf3yr3nzbpmp2k5ri0qb7o5ohebgeckfujk9fwkswgq3v8xaimpgnypqf2jpxdfmboobzu203wqnv1dutzo36ohn4k9u:latest/val/table.table.json","path":"media/table/val/table_10731_9a89d7c55661cd060460.table.json","ncols":3,"nrows":10},"train/epoch":149,"iteration_loss":6.101229610067094e-05}