{"train/epoch_wer":36.279419648647306,"val/epoch_wer":1.055,"val/table":{"artifact_path":"wandb-client-artifact://rrwodb7t4bair835lbgb86y2no9k26yw2e9t4xm2wpuxhagpc9ho42nn6vnspelk5i435rpy2wnza3rtpbrvmhys51k7tl54pwpvk9j8hccvv757pqjgroo9us319iw8/val/table.table.json","_latest_artifact_path":"wandb-client-artifact://6vi8xh1o573evfj2ezmnvucrtgqx1ma8xiauvynoamuyf9qu6rp6rr0wvm6nsimuhq36edpk7dia4o8gznzva7k8vigsw96ahjv9987031t08lqwtkaxciwfyu7at794:latest/val/table.table.json","path":"media/table/val/table_1_ac16f5aa43adeceb87cd.table.json","ncols":3,"nrows":200,"_type":"table-file","sha256":"ac16f5aa43adeceb87cd83ec08938feb3fe58563c326d6bc11b5174fd2bb1719","size":334761},"train/epoch":1,"_timestamp":1.7498144354758482e+09,"train/epoch_loss":9974.285246276855,"iteration_loss":2789.5303344726562,"_wandb":{"runtime":229},"train/epoch_cer":4962.488710021973,"iteration_cer":165.60000610351562,"val/epoch_cer":144.00345611572266,"_step":70,"val/epoch_loss":353.75779052734373,"train/lr":1.9710144927536233e-06,"iteration_wer":1,"_runtime":229.622970465,"train/table":{"size":105958,"artifact_path":"wandb-client-artifact://9y31h80lcw8uwu2jq3e1oxayo8m54ho66ledgsih01u0b9xnef2xwgdbz7bvbe1bmpjtvicvdaffo4qc8xpkxgepe6n63kk12juugetb51cc3mjuj5682b0ud1vh6r8s/train/table.table.json","_latest_artifact_path":"wandb-client-artifact://h9frn0gd798faionq3duc5k54zfcf3h4lja7s8fspt17lsdbfp2trh5vqkv9qapnsn6x2gjdaaxeb1iok2tsb02k9dqhv0rg4c411yibfk7tb54vnjh2j8vaezitd3q3:latest/train/table.table.json","path":"media/table/train/table_3_3dd8b55c8676077b6ed7.table.json","ncols":3,"nrows":2176,"_type":"table-file","sha256":"3dd8b55c8676077b6ed76f1ca00de90a745f7a68fcdef07eafe6b4b05d40878c"}}