{"train/table":{"artifact_path":"wandb-client-artifact://ubitlq4y10389549sh6cex273mm5emfc50v7xnehikxj4m295fnuyvu2ypg4hcma6ap1auzyl6hgl6hsov8gtiac8bf1ny99jz42ay5uoa9by6prgi77j3xaunnubxcn/train/table.table.json","_latest_artifact_path":"wandb-client-artifact://21uo86rnr7df6nyrdq32kbfzzifikpz6s51xdbla3rvpvnqxr61c66cvpcud8mp2glynuh1394tbyaoim8q5l35sj3d38y1d3dirm39g8jauw60s4qnpzdxa3l77d3sp:latest/train/table.table.json","path":"media/table/train/table_147_de999d26d15ac64cb1be.table.json","ncols":3,"nrows":1280,"_type":"table-file","sha256":"de999d26d15ac64cb1be174adaccc5094a30be041ffa539dd124e1ba5799aa08","size":2711},"train/epoch":2,"_runtime":1399.832240267,"train/epoch_cer":57.68639850616455,"val/epoch_loss":51.42341049194336,"iteration_wer":1,"val/epoch_cer":1.8030884218215943,"iteration_loss":127.3266830444336,"_timestamp":1.7498174411257632e+09,"val/table":{"nrows":200,"_type":"table-file","sha256":"6cbc4561e8ea3471433c000429f9bf48f37f8e9bd6258b8eff410dc3a9b86cdd","size":7327,"artifact_path":"wandb-client-artifact://kn90t2nzakni2vqhnmn6a3hng9qm942q4ienao1q24bz3gksr7n32ilgp692svs6cofclyayifjo1ez93zzwhf4qx9bpkwuz3qck0ljeexx5djkhuzncvs7w8kj2tc59/val/table.table.json","_latest_artifact_path":"wandb-client-artifact://dpn88rjfmaxm0x06hluuxxo0bospolzr3shwvsbhynf8e1t1ipgzp1mqp16phwefrfr8abp1bk3c6ioittkvdmsip1o5sozyo1yksxzxn44g79drvctctx6lco8zya18:latest/val/table.table.json","path":"media/table/val/table_145_6cbc4561e8ea3471433c.table.json","ncols":3},"val/epoch_wer":1,"train/epoch_loss":596.6669256210328,"_step":185,"_wandb":{"runtime":1415},"train/lr":5.1594202898550725e-06,"iteration_cer":1.5,"train/epoch_wer":34.5}