{"train/ce_state_0":4.435806250572204,"train/ce_state_3":4.444654393196106,"train/iteration_acc":0.01816406287252903,"train/iteration_loss":131.21884307861328,"_timestamp":1.7522606525964782e+09,"train/epoch_acc":0.027188295498490334,"train/epoch":30,"train/ce_state_6":10.044215726852418,"train/ce_state_1":4.241501665115356,"train/ce_state_7":12.283509778976441,"train/ce_state_5":8.123460364341735,"train/epoch_loss":49.91038477177523,"val/epoch_loss":11.44988697052002,"train/ce_state_8":98.83825912475587,"_step":335,"_wandb":{"runtime":29421},"_runtime":29399.789329526,"train/train/lr":4.96307005934142e-07,"train/ce_state_2":4.274951505661011,"val/epoch_acc":0.0625,"train/ce_state_4":6.116923713684082}