{"_timestamp":1.7498069138008862e+09,"val/table":{"artifact_path":"wandb-client-artifact://wmpwwtcs6fhas5ovts81u5oowgyxe8mt1sfdk7ds5ivuhwym8q6bfa6hgyymhatmuuhgg1fat4u3je13dm54j3x4hl9i04v8ceszcij7cm6c4rx3dinli00yjfksoi0t/val/table.table.json","_latest_artifact_path":"wandb-client-artifact://fyu7q26zru54t0vix5z3cklgnxvgt214ydq9aec1zlxuc4500kkyl1jdat58fienr3hue8lmr20cyn6712dsgcx6i13qy9yiik7h9zfss540ejodewknx9yvkqrcufl4:latest/val/table.table.json","path":"media/table/val/table_1_d050a1180f61aac2f0f6.table.json","ncols":3,"nrows":200,"_type":"table-file","sha256":"d050a1180f61aac2f0f6dbd1db6dd2c211ecdad370b2b52068c2834ebe8d3697","size":112457},"_wandb":{"runtime":66},"_runtime":60.016340519,"_step":1,"val/epoch_loss":824.414482421875,"val/epoch_cer":25.22949981689453,"val/epoch_wer":1}