{"val/epoch_wer":1,"_timestamp":1.7498073476072176e+09,"val/table":{"artifact_path":"wandb-client-artifact://y05sli6itzbj7oexjqxk9c3943aihzlwxybo4v3v9vtpyso0k72n0tg38g2p79f2fbojto041x0kyuuktwuqgh7hx1pni1o476wgv8h6g2o1j4ocwptin9s3eghn3xul/val/table.table.json","_latest_artifact_path":"wandb-client-artifact://kez5pgkadnvmngby8q2j60nd089facsaq0ze5f75zfjyamvp3lf0xj5bnj7g0fbn5lthf0z0bpaiyux8j0te2d50rvc211lnqg321vwtkvckzdobtxif0gwicg7nfsb1:latest/val/table.table.json","path":"media/table/val/table_1_02f1a3a99337e0099a86.table.json","ncols":3,"nrows":200,"_type":"table-file","sha256":"02f1a3a99337e0099a869025e035ec32728b6d682ccfe2dff9c57965a5e8fef4","size":85519},"_wandb":{"runtime":84},"_runtime":59.875549322,"_step":1,"val/epoch_loss":889.5428491210937,"val/epoch_cer":22.169169464111327}