{"_runtime":23659.254787857,"_step":1340,"train/loss_kpm_iter":2.018539003480202e-11,"_wandb":{"runtime":23672},"train/loss_stability_iter":5.5174028247594835,"train/loss_rec_iter":20.858730201423167,"train/loss_iter":26.376132863759995,"_timestamp":1.752093376642367e+09}