{"_wandb":{"runtime":3846},"_step":271,"train/loss_kpm_iter":0.21987720385659487,"train/loss_stability_iter":2.2571552948560565,"train/loss_rec_iter":123.85462839007377,"train/loss_iter":126.3316614151001,"_timestamp":1.7500147212566416e+09,"_runtime":3842.723327424}