{"_wandb":{"runtime":114},"_runtime":12.227150448,"_step":0,"val/epoch_loss":5.289574661254883,"val/epoch_acc":0.007499999832361937,"_timestamp":1.7519725307146e+09}