{"iteration_wer":0,"_runtime":80815.653284288,"train/lr":1.2504921983025331e-09,"train/epoch":149,"val/epoch_loss":0.22453353839449208,"train/epoch_loss":0.002563576417423974,"val/epoch_cer":0.02600000023841858,"train/table":{"path":"media/table/train/table_10659_eb607dac13144c0733d6.table.json","ncols":3,"nrows":2176,"_type":"table-file","sha256":"eb607dac13144c0733d60ee0ebd0cfb00974ad9f23b3bbe705eb81dad3449c21","size":1759,"artifact_path":"wandb-client-artifact://do3ia026s3e41rjs5rjpa2n0r3ziri3v2te3yx904vjt6j5zdjbflzpbrzk5ojmh0oqu92rqyndtyq8oe6p3ipxe9w2uw06cj991cxcapa9akmw4irzk054cc4ytzq18/train/table.table.json","_latest_artifact_path":"wandb-client-artifact://wy9y755so4bwwnxj61ez6raul9en04sy85bkgpybf810d50fb3dkknolgidnx22twh5kwmo0ioivoy8q1xlmc46kvwggimiwkk526tqvg1keus08ksay23sntgsh1d33:latest/train/table.table.json"},"train/epoch_wer":0.0015625,"_step":10731,"iteration_cer":0,"iteration_loss":0.00013437303277896717,"val/table":{"size":757,"artifact_path":"wandb-client-artifact://zo8x0fbuzks5i6big0hn97r2b91zdx5ffwu9t1ykvp9c8nxj6c8rpweadja4w699jznbmayedst5x5ih378koyf0emmkq4hfag0lrwnfvd4qi70w418crxiazob31y9t/val/table.table.json","_latest_artifact_path":"wandb-client-artifact://uwcwb5nttb0xlnp11wy8c3s01c177n7ias236i6knibmuf7imfvxcqv65gdorcum44spzhjnuomgpwfae1h2ysawft47u3wjmn2k22odd0kfm9l1nlrw4n7pu2xx31wx:latest/val/table.table.json","path":"media/table/val/table_10731_04275cbe946e53c77ba0.table.json","ncols":3,"nrows":25,"_type":"table-file","sha256":"04275cbe946e53c77ba0aeba07f10c3c7ca7916a519ca16e445e4a4bf9eb6f05"},"_timestamp":1.7499803762592707e+09,"val/epoch_wer":0.08,"train/epoch_cer":0.00173611119389534,"_wandb":{"runtime":80816}}